{"cameraMode":{"drawMode":0,"name":"Shaded","section":"Shading Mode"},"sceneLighting":true,"audioPlay":false,"sceneViewState":{"m_AlwaysRefresh":false,"showFog":true,"showSkybox":true,"showFlares":true,"showImageEffects":true,"showParticleSystems":true,"showVisualEffectGraphs":true,"m_FxEnabled":true},"in2DMode":false,"pivot":{"x":1.642190933227539,"y":0.19750022888183595,"z":-3.1173806190490724},"rotation":{"x":0.26690879464149477,"y":0.6328907608985901,"z":-0.24715976417064668,"w":0.6834673285484314},"size":19.67604637145996,"orthographic":false}